Department,Sample Size,Actual Attrition Rate,Predicted Attrition Rate,Accuracy,Recall
Sales,82,0.1951219512195122,0.15853658536585366,0.8902439024390244,0.625
Research & Development,197,0.14720812182741116,0.05583756345177665,0.868020304568528,0.2413793103448276
Human Resources,15,0.13333333333333333,0.06666666666666667,0.8,0.0
