Age Group,Sample Size,Actual Attrition Rate,Predicted Attrition Rate,Accuracy,Recall
<30,77,0.23376623376623376,0.14285714285714285,0.8311688311688312,0.4444444444444444
30-40,126,0.1111111111111111,0.09523809523809523,0.9047619047619048,0.5
40-50,63,0.14285714285714285,0.031746031746031744,0.8888888888888888,0.2222222222222222
50+,28,0.21428571428571427,0.0,0.7857142857142857,0.0
