Gender,Sample Size,Actual Attrition Rate,Predicted Attrition Rate,Accuracy,Recall
Female,116,0.13793103448275862,0.10344827586206896,0.8793103448275862,0.4375
Male,178,0.17415730337078653,0.07303370786516854,0.8651685393258427,0.3225806451612903
