Model,Accuracy,Precision,Recall,F1 Score,ROC-AUC
XGBoost,0.8707482993197279,0.68,0.3617021276595745,0.4722222222222222,0.8062709966405375
Logistic Regression,0.7653061224489796,0.3625,0.6170212765957447,0.4566929133858268,0.7961926091825309
LightGBM,0.8537414965986394,0.5666666666666667,0.3617021276595745,0.44155844155844154,0.7938668274614524
CatBoost,0.8537414965986394,0.5909090909090909,0.2765957446808511,0.37681159420289856,0.792747006632785
Random Forest,0.8299319727891157,0.45714285714285713,0.3404255319148936,0.3902439024390244,0.7896459643380137
Decision Tree,0.7006802721088435,0.25882352941176473,0.46808510638297873,0.3333333333333333,0.6537169437505383
